OP_UNIQUE_CARRIER,ORIGIN,CRS_DEP_HOUR,MEAN
AA,ABQ,5,-1.375
AA,ABQ,6,-3.0901639344262297
AA,ABQ,7,-3.4545454545454546
AA,ABQ,8,-3.7758620689655173
AA,ABQ,9,-4.32
AA,ABQ,10,1.6149732620320856
AA,ABQ,11,2.566666666666667
AA,ABQ,12,1.7580645161290323
AA,ABQ,13,6.265060240963855
AA,ABQ,14,5.265486725663717
AA,ABQ,15,3.572519083969466
AA,ABQ,16,3.0442477876106193
AA,ABQ,17,2.4603174603174605
AA,ABQ,18,-3.891891891891892
AA,ABQ,19,0.0
AA,ABQ,21,9.0
AA,AGS,7,9.333333333333334
AA,AGS,8,2.0
AA,AGS,11,6.5
AA,AGS,12,9.333333333333334
AA,AGS,14,6.5
AA,AGS,16,5.6
AA,AGS,18,55.0
AA,AGS,19,9.0
AA,ALB,5,-0.1016949152542373
AA,ALB,6,-0.8111888111888111
AA,ALB,7,-3.0
AA,ALB,11,-1.0406504065040652
AA,ALB,15,-2.0
AA,ALB,16,-2.0
AA,ALB,17,1.8363636363636364
AA,ALB,18,14.0
AA,ALB,19,6.194444444444445
AA,AMA,6,-0.5316455696202531
AA,AMA,7,-2.0
AA,AMA,8,2.6842105263157894
AA,AMA,10,-4.0
AA,AMA,11,-2.6470588235294117
AA,AMA,16,3.6666666666666665
AA,AMA,18,4.162162162162162
AA,ANC,6,6.518518518518518
AA,ANC,9,8.12
AA,ANC,10,1.4444444444444444
AA,ANC,21,14.605633802816902
AA,ATL,5,-3.0697674418604652
AA,ATL,6,-3.6295652173913044
AA,ATL,7,-2.5250783699059562
AA,ATL,8,0.31519274376417233
AA,ATL,9,-0.3969465648854962
AA,ATL,10,-2.201923076923077
AA,ATL,11,2.3448275862068964
AA,ATL,12,1.7847533632286996
AA,ATL,13,3.125
AA,ATL,14,2.5276073619631902
AA,ATL,15,-0.2909090909090909
AA,ATL,16,6.512941176470588
AA,ATL,17,0.5555555555555556
AA,ATL,18,4.445402298850575
AA,ATL,19,8.363636363636363
AA,ATL,20,6.7687074829931975
AA,AUS,5,-3.309090909090909
AA,AUS,6,-3.2208520179372195
AA,AUS,7,-3.089567966280295
AA,AUS,8,-0.25934065934065936
AA,AUS,9,0.9875621890547264
AA,AUS,10,3.297560975609756
AA,AUS,11,2.0545454545454547
AA,AUS,12,2.5647058823529414
AA,AUS,13,5.0244648318042815
AA,AUS,14,5.827526132404182
AA,AUS,15,3.681318681318681
AA,AUS,16,3.6157112526539277
AA,AUS,17,4.865822784810127
AA,AUS,18,3.712031558185404
AA,AUS,19,2.575875486381323
AA,AUS,20,5.178832116788321
AA,AUS,21,7.144796380090498
AA,AUS,22,3.5416666666666665
AA,AUS,23,5.166666666666667
AA,AVL,7,-0.42045454545454547
AA,AVL,12,1.9
AA,AVL,14,2.106382978723404
AA,AVL,16,6.411764705882353
AA,AVL,18,2.22
AA,AVP,5,-4.666666666666667
AA,AVP,6,-3.539325842696629
AA,AVP,8,-6.0
AA,AVP,11,1.5555555555555556
AA,AVP,13,0.3953488372093023
AA,AVP,14,-0.3333333333333333
AA,AVP,17,8.8
AA,AVP,19,6.62962962962963
AA,BDL,5,-3.2142857142857144
AA,BDL,6,-0.6847635726795096
AA,BDL,7,-2.0574162679425836
AA,BDL,9,1.5925925925925926
AA,BDL,10,0.0
AA,BDL,11,4.632075471698113
AA,BDL,13,6.4222222222222225
AA,BDL,14,1.3333333333333333
AA,BDL,15,7.108108108108108
AA,BDL,16,1.888
AA,BDL,17,6.2727272727272725
AA,BDL,18,16.22222222222222
AA,BDL,19,6.7172413793103445
AA,BFL,5,-3.262295081967213
AA,BFL,6,-4.6923076923076925
AA,BFL,12,4.470588235294118
AA,BFL,13,1.2962962962962963
AA,BFL,14,-0.7777777777777778
AA,BFL,16,-7.5
AA,BGR,6,0.9285714285714286
AA,BGR,12,3.2142857142857144
AA,BGR,13,-3.235294117647059
AA,BGR,14,16.0
AA,BGR,15,-0.6153846153846154
AA,BGR,16,10.0
AA,BGR,17,1.6666666666666667
AA,BHM,5,-2.25
AA,BHM,6,-10.0
AA,BHM,7,-1.1330049261083743
AA,BHM,9,-1.6842105263157894
AA,BHM,10,3.0
AA,BHM,11,-0.6666666666666666
AA,BHM,12,29.0
AA,BHM,13,7.190476190476191
AA,BHM,14,-1.6666666666666667
AA,BHM,16,13.0
AA,BHM,17,11.861386138613861
AA,BHM,18,5.7
AA,BHM,19,1.0847457627118644
AA,BNA,5,-3.0852130325814535
AA,BNA,6,-2.4634146341463414
AA,BNA,7,-0.9779141104294479
AA,BNA,8,-1.8018867924528301
AA,BNA,9,-1.5
AA,BNA,10,0.02304147465437788
AA,BNA,11,2.1025641025641026
AA,BNA,12,0.4931506849315068
AA,BNA,13,2.1652173913043478
AA,BNA,14,1.8969072164948453
AA,BNA,15,4.323076923076923
AA,BNA,16,1.9451219512195121
AA,BNA,17,6.584229390681004
AA,BNA,18,7.52760736196319
AA,BNA,19,4.884615384615385
AA,BOI,6,-2.3703703703703702
AA,BOI,7,-2.9285714285714284
AA,BOI,9,-7.428571428571429
AA,BOI,11,3.6153846153846154
AA,BOI,13,4.084388185654008
AA,BOI,14,5.5
AA,BOI,16,-4.5
AA,BOS,0,-11.0
AA,BOS,5,-3.125
AA,BOS,6,-3.8705780845556514
AA,BOS,7,-3.138401559454191
AA,BOS,8,-2.8825541619156216
AA,BOS,9,-1.792857142857143
AA,BOS,10,-1.272076372315036
AA,BOS,11,-0.2967741935483871
AA,BOS,12,0.8647342995169082
AA,BOS,13,1.4116094986807388
AA,BOS,14,1.4777618364418939
AA,BOS,15,1.345372460496614
AA,BOS,16,3.384920634920635
AA,BOS,17,3.4253048780487805
AA,BOS,18,2.015
AA,BOS,19,2.7392241379310347
AA,BOS,20,5.911242603550296
AA,BOS,22,14.0
AA,BTV,6,3.0
AA,BTV,7,-4.428571428571429
AA,BTV,11,-0.6
AA,BTV,13,11.6
AA,BTV,14,5.294117647058823
AA,BTV,17,1.25
AA,BUF,5,-1.0
AA,BUF,6,-0.5424164524421594
AA,BUF,7,-0.2
AA,BUF,8,-5.285714285714286
AA,BUF,11,6.136986301369863
AA,BUF,12,2.3524590163934427
AA,BUF,13,9.0
AA,BUF,15,-4.0
AA,BUF,16,6.583333333333333
AA,BUF,17,5.372093023255814
AA,BUF,18,7.369565217391305
AA,BUF,19,1.88
AA,BUR,7,-4.361702127659575
AA,BUR,8,-1.206896551724138
AA,BUR,9,-3.96875
AA,BUR,11,2.588235294117647
AA,BUR,12,2.9072847682119205
AA,BUR,13,6.365853658536586
AA,BUR,15,-8.5
AA,BUR,16,0.22321428571428573
AA,BWI,5,-1.7232142857142858
AA,BWI,6,-3.0170575692963753
AA,BWI,7,-2.007380073800738
AA,BWI,8,-2.5434782608695654
AA,BWI,9,14.5
AA,BWI,10,-2.509677419354839
AA,BWI,11,-0.640625
AA,BWI,12,0.49586776859504134
AA,BWI,13,0.019230769230769232
AA,BWI,15,4.842105263157895
AA,BWI,16,-5.142857142857143
AA,BWI,17,2.25
AA,BWI,18,3.6216216216216215
AA,BWI,19,2.7155172413793105
AA,BWI,20,5.830188679245283
AA,BZN,7,-2.6867469879518073
AA,BZN,12,-1.0666666666666667
AA,BZN,13,4.055172413793104
AA,BZN,14,7.066666666666666
AA,BZN,15,-3.652173913043478
AA,CAE,5,-2.183333333333333
AA,CAE,6,0.16666666666666666
AA,CAE,16,1.6515151515151516
AA,CHS,5,-4.317647058823529
AA,CHS,6,-3.467811158798283
AA,CHS,7,-1.5555555555555556
AA,CHS,8,-2.142857142857143
AA,CHS,9,-3.489795918367347
AA,CHS,10,-0.5517241379310345
AA,CHS,11,0.058577405857740586
AA,CHS,12,-1.25
AA,CHS,13,5.636363636363637
AA,CHS,14,2.8633540372670807
AA,CHS,15,2.226086956521739
AA,CHS,16,-2.260869565217391
AA,CHS,17,3.10989010989011
AA,CHS,18,4.281081081081081
AA,CHS,19,0.26262626262626265
AA,CHS,20,-1.9876543209876543
AA,CID,5,45.0
AA,CID,6,4.647058823529412
AA,CID,7,0.4787234042553192
AA,CID,13,-2.0
AA,CID,17,-4.538461538461538
AA,CID,18,4.855263157894737
AA,CID,19,6.425
AA,CLE,5,-3.0625
AA,CLE,6,-2.5907859078590785
AA,CLE,7,0.7466666666666667
AA,CLE,8,-1.915057915057915
AA,CLE,9,-1.3375
AA,CLE,10,0.4788732394366197
AA,CLE,11,-0.1652892561983471
AA,CLE,12,3.793103448275862
AA,CLE,13,4.463855421686747
AA,CLE,15,0.9797979797979798
AA,CLE,16,2.6666666666666665
AA,CLE,17,1.2352941176470589
AA,CLE,18,0.59375
AA,CLE,19,0.05555555555555555
AA,CLE,20,2.763157894736842
AA,CLT,5,-2.211340206185567
AA,CLT,6,-1.6771653543307086
AA,CLT,7,-2.0044830484729617
AA,CLT,8,-1.6982658959537573
AA,CLT,9,-0.47641225961538464
AA,CLT,10,1.628365068942876
AA,CLT,11,1.4539614561027838
AA,CLT,12,1.03971119133574
AA,CLT,13,1.782239218185681
AA,CLT,14,3.783384750991626
AA,CLT,15,4.622337363270006
AA,CLT,16,4.688876752230111
AA,CLT,17,5.5
AA,CLT,18,5.696380591117433
AA,CLT,19,6.701754385964913
AA,CLT,20,4.95177222545032
AA,CLT,21,4.387131952017448
AA,CLT,22,4.320960295475531
AA,CLT,23,4.154929577464789
AA,CMH,5,-3.595959595959596
AA,CMH,6,-2.5590277777777777
AA,CMH,7,-1.9013157894736843
AA,CMH,8,-0.7
AA,CMH,9,-2.763358778625954
AA,CMH,10,-2.1176470588235294
AA,CMH,11,-2.8421052631578947
AA,CMH,12,4.843373493975903
AA,CMH,13,2.8706896551724137
AA,CMH,14,3.076923076923077
AA,CMH,15,3.2181818181818183
AA,CMH,16,0.01639344262295082
AA,CMH,17,1.946808510638298
AA,CMH,18,1.2941176470588236
AA,CMH,19,1.394736842105263
AA,CMH,20,1.0
AA,COS,5,-3.5294117647058822
AA,COS,6,-2.951923076923077
AA,COS,8,-0.8636363636363636
AA,COS,10,0.41624365482233505
AA,COS,12,1.9767441860465116
AA,COS,14,5.786259541984733
AA,CVG,6,-0.15891472868217055
AA,CVG,7,1.7184466019417475
AA,CVG,8,0.03773584905660377
AA,CVG,9,-2.2448979591836733
AA,CVG,10,-3.5
AA,CVG,11,4.857142857142857
AA,CVG,12,4.341463414634147
AA,CVG,13,10.85
AA,CVG,14,7.647058823529412
AA,CVG,15,9.134615384615385
AA,CVG,16,2.9130434782608696
AA,CVG,17,1.946808510638298
AA,CVG,18,7.777777777777778
AA,CVG,19,-0.3333333333333333
AA,CVG,20,4.833333333333333
AA,DAB,6,1.92
AA,DAB,7,-8.0
AA,DAB,8,-3.58
AA,DAB,9,5.5
AA,DAB,10,-4.0
AA,DAB,11,3.3333333333333335
AA,DAB,12,-4.5
AA,DAB,13,5.097222222222222
AA,DAB,17,8.178571428571429
AA,DAB,18,0.9722222222222222
AA,DCA,5,-1.2105263157894737
AA,DCA,6,-4.165083135391924
AA,DCA,7,-3.454363089267803
AA,DCA,8,-1.160989010989011
AA,DCA,9,-1.031825795644891
AA,DCA,10,0.11827242524916944
AA,DCA,11,0.1368653421633554
AA,DCA,12,-0.0038910505836575876
AA,DCA,13,3.0904255319148937
AA,DCA,14,3.3411078717201166
AA,DCA,15,3.7084063047285465
AA,DCA,16,4.092948717948718
AA,DCA,17,3.8993589743589743
AA,DCA,18,3.2670391061452513
AA,DCA,19,3.1390243902439026
AA,DCA,20,1.440251572327044
AA,DCA,21,-2.9696969696969697
AA,DCA,22,4.94025974025974
AA,DEN,0,0.24124513618677043
AA,DEN,1,-1.38
AA,DEN,5,-2.462686567164179
AA,DEN,6,-2.3469945355191255
AA,DEN,7,-2.4780058651026393
AA,DEN,8,-2.028436018957346
AA,DEN,9,-4.423076923076923
AA,DEN,10,3.128712871287129
AA,DEN,11,3.0808510638297872
AA,DEN,12,2.0578512396694215
AA,DEN,13,0.4878048780487805
AA,DEN,14,2.45014245014245
AA,DEN,15,4.224489795918367
AA,DEN,16,5.270731707317073
AA,DEN,17,1.6363636363636365
AA,DEN,18,6.395918367346939
AA,DEN,19,13.416666666666666
AA,DEN,20,3.0
AA,DEN,23,-1.25
AA,DFW,5,-0.1394658753709199
AA,DFW,6,-0.5479632063074902
AA,DFW,7,-0.17899199246349506
AA,DFW,8,0.3948098806550097
AA,DFW,9,1.5610916374561843
AA,DFW,10,2.971959168613947
AA,DFW,11,3.781185567010309
AA,DFW,12,3.6331426977263215
AA,DFW,13,6.640466687135401
AA,DFW,14,5.923448124588726
AA,DFW,15,7.6525399129172715
AA,DFW,16,6.102143482064742
AA,DFW,17,6.684960298925736
AA,DFW,18,7.388439704111474
AA,DFW,19,8.214512093411177
AA,DFW,20,8.1031642014604
AA,DFW,21,6.739480752014324
AA,DFW,22,6.724405850091408
AA,DSM,5,-2.6808510638297873
AA,DSM,6,-1.4606741573033708
AA,DSM,7,-2.223404255319149
AA,DSM,8,-2.83
AA,DSM,11,-2.3846153846153846
AA,DSM,12,-1.4390243902439024
AA,DSM,13,4.202702702702703
AA,DSM,14,0.7758620689655172
AA,DSM,15,1.6813186813186813
AA,DSM,16,14.292682926829269
AA,DSM,17,1.1754385964912282
AA,DSM,18,1.4642857142857142
AA,DSM,19,-0.4
AA,DTW,5,-3.097938144329897
AA,DTW,6,-3.447089947089947
AA,DTW,7,-2.4939759036144578
AA,DTW,8,-4.613636363636363
AA,DTW,9,-2.4757281553398056
AA,DTW,10,-2.6626506024096384
AA,DTW,11,2.41
AA,DTW,12,5.2
AA,DTW,13,2.9944444444444445
AA,DTW,15,4.801980198019802
AA,DTW,16,-2.625
AA,DTW,17,3.30188679245283
AA,DTW,18,0.0891089108910891
AA,DTW,19,3.5338983050847457
AA,DTW,20,9.5
AA,ECP,7,-0.9032258064516129
AA,ECP,10,-6.0
AA,ECP,11,20.5
AA,ECP,12,-2.5833333333333335
AA,ECP,15,7.413043478260869
AA,ECP,17,3.0
AA,ECP,19,6.222222222222222
AA,EGE,8,0.6585365853658537
AA,EGE,10,-1.2520325203252032
AA,EGE,11,0.18461538461538463
AA,EGE,12,-0.2542372881355932
AA,EGE,13,6.490196078431373
AA,EGE,14,3.024193548387097
AA,EGE,15,15.0
AA,EGE,16,-0.85
AA,ELP,6,-2.1714285714285713
AA,ELP,7,-1.7281553398058251
AA,ELP,8,-1.904109589041096
AA,ELP,10,1.4487179487179487
AA,ELP,11,-0.6404494382022472
AA,ELP,12,3.4748201438848922
AA,ELP,13,0.8333333333333334
AA,ELP,14,7.875
AA,ELP,15,3.169491525423729
AA,ELP,16,6.931372549019608
AA,ELP,17,6.406779661016949
AA,ELP,18,1.9130434782608696
AA,ELP,19,-1.4761904761904763
AA,EUG,5,-0.9032258064516129
AA,EUG,8,-3.5714285714285716
AA,EUG,12,-9.0
AA,EUG,13,1.396551724137931
AA,EUG,14,4.518072289156627
AA,EUG,15,-0.9574468085106383
AA,EWR,5,-0.8938053097345132
AA,EWR,6,0.2512437810945274
AA,EWR,7,-0.7942708333333334
AA,EWR,8,3.185185185185185
AA,EWR,9,-1.0918367346938775
AA,EWR,10,0.948019801980198
AA,EWR,11,1.9423076923076923
AA,EWR,12,5.610714285714286
AA,EWR,13,5.136645962732919
AA,EWR,14,2.450980392156863
AA,EWR,15,11.356164383561644
AA,EWR,16,7.735
AA,EWR,17,9.817204301075268
AA,EWR,18,9.324723247232471
AA,EWR,19,11.75
AA,EWR,20,7.75
AA,EWR,21,-3.888888888888889
AA,EYW,7,0.8831168831168831
AA,EYW,8,-1.7924528301886793
AA,EYW,9,-1.4
AA,EYW,11,4.66321243523316
AA,EYW,12,5.454545454545454
AA,EYW,13,14.291666666666666
AA,EYW,14,5.55
AA,EYW,15,2.6184210526315788
AA,EYW,16,7.5675675675675675
AA,EYW,17,10.14179104477612
AA,EYW,19,-6.0
AA,FAT,6,-0.02127659574468085
AA,FAT,8,-0.4883720930232558
AA,FAT,9,-5.166666666666667
AA,FAT,10,5.6
AA,FAT,11,7.413793103448276
AA,FAT,12,3.9080459770114944
AA,FAT,13,8.136363636363637
AA,FAT,14,5.8088235294117645
AA,FAT,16,-3.7857142857142856
AA,FAT,19,-4.21875
AA,FAT,23,0.34146341463414637
AA,FCA,11,-8.0
AA,FCA,13,1.576271186440678
AA,FCA,14,9.76
AA,FCA,15,0.0
AA,FLL,5,-1.7333333333333334
AA,FLL,6,-1.322695035460993
AA,FLL,7,-1.180522565320665
AA,FLL,8,-1.173913043478261
AA,FLL,9,-2.0551724137931036
AA,FLL,10,0.7142857142857143
AA,FLL,11,0.3333333333333333
AA,FLL,12,1.070967741935484
AA,FLL,13,5.083798882681564
AA,FLL,14,3.7295081967213113
AA,FLL,15,4.543689320388349
AA,FLL,16,1.372093023255814
AA,FLL,17,7.352226720647773
AA,FLL,19,8.652482269503546
AA,FSD,7,0.20689655172413793
AA,FSD,13,10.320754716981131
AA,GEG,5,-3.5555555555555554
AA,GEG,6,-1.957142857142857
AA,GEG,7,-2.3125
AA,GEG,12,2.0
AA,GEG,13,4.548387096774194
AA,GEG,14,0.9850746268656716
AA,GEG,15,1.2439024390243902
AA,GEG,16,54.0
AA,GRB,6,-2.0
AA,GRB,11,-3.0
AA,GRR,5,1.3846153846153846
AA,GRR,6,-0.38953488372093026
AA,GRR,7,-0.5692307692307692
AA,GRR,8,0.25
AA,GRR,11,-0.6470588235294118
AA,GRR,12,7.2105263157894735
AA,GRR,13,5.166666666666667
AA,GRR,14,0.0
AA,GRR,15,4.7317073170731705
AA,GRR,16,8.818181818181818
AA,GRR,17,0.7666666666666667
AA,GRR,18,3.8461538461538463
AA,GRR,19,4.282608695652174
AA,GRR,20,10.4
AA,GSO,5,-8.666666666666666
AA,GSO,6,-3.05
AA,GSO,7,-4.0
AA,GSO,9,-6.0
AA,GSO,11,2.4705882352941178
AA,GSO,12,-1.5384615384615385
AA,GSO,13,-1.9722222222222223
AA,GSO,14,0.5555555555555556
AA,GSO,16,2.767123287671233
AA,GSO,17,9.6
AA,GSO,18,2.857142857142857
AA,GSO,19,14.0
AA,GSO,20,0.4583333333333333
AA,GSP,6,0.1891891891891892
AA,GSP,7,-0.273972602739726
AA,GSP,11,7.0
AA,GSP,12,-3.0
AA,GSP,14,4.071428571428571
AA,GSP,16,4.318840579710145
AA,GSP,18,5.1020408163265305
AA,GUC,10,-9.75
AA,GUC,12,0.9318181818181818
AA,GUC,14,1.4
AA,GUC,15,11.6875
AA,HDN,10,-1.608695652173913
AA,HDN,11,-6.6923076923076925
AA,HDN,12,0.4
AA,HDN,13,-7.666666666666667
AA,HDN,14,-0.5409836065573771
AA,HNL,7,-4.391304347826087
AA,HNL,8,-8.142857142857142
AA,HNL,12,-0.039473684210526314
AA,HNL,13,-2.05
AA,HNL,14,-4.108108108108108
AA,HNL,17,-2.130434782608696
AA,HNL,18,-3.0240963855421685
AA,HNL,19,-1.9696969696969697
AA,HNL,20,-1.2734375
AA,HNL,21,-3.0710059171597632
AA,HNL,22,-2.462046204620462
AA,HNL,23,-2.074074074074074
AA,HSV,5,6.0
AA,HSV,19,9.615384615384615
AA,IAD,5,0.46153846153846156
AA,IAD,6,-2.0392156862745097
AA,IAD,7,-2.918181818181818
AA,IAD,10,-6.533333333333333
AA,IAD,11,-3.1818181818181817
AA,IAD,14,-3.9523809523809526
AA,IAD,15,1.8111888111888113
AA,IAD,16,6.571428571428571
AA,IAD,17,7.557142857142857
AA,IAD,18,-4.066666666666666
AA,IAD,19,2.4
AA,IAD,20,1.9859154929577465
AA,IAH,5,-1.8928571428571428
AA,IAH,6,-3.0446153846153847
AA,IAH,7,-1.3798076923076923
AA,IAH,8,-2.277922077922078
AA,IAH,9,-2.990566037735849
AA,IAH,10,-0.23195876288659795
AA,IAH,11,2.459349593495935
AA,IAH,12,0.03349282296650718
AA,IAH,13,2.332046332046332
AA,IAH,14,2.6298076923076925
AA,IAH,15,2.7586206896551726
AA,IAH,16,6.032608695652174
AA,IAH,17,3.5785714285714287
AA,IAH,18,6.145833333333333
AA,IAH,19,4.6875
AA,IAH,20,2.6037735849056602
AA,ICT,5,-5.0
AA,ICT,6,-2.0584415584415585
AA,ICT,7,-4.4375
AA,ICT,8,-0.8055555555555556
AA,ICT,10,2.7142857142857144
AA,ICT,11,0.4090909090909091
AA,ICT,12,4.158536585365853
AA,ICT,13,-5.666666666666667
AA,ICT,15,-3.0
AA,ICT,16,5.816091954022989
AA,ICT,18,6.162790697674419
AA,ICT,19,1.2222222222222223
AA,ICT,20,6.0
AA,ILM,5,0.47368421052631576
AA,ILM,6,-1.8269230769230769
AA,ILM,7,-0.2765957446808511
AA,ILM,8,-1.0
AA,ILM,9,-2.9375
AA,ILM,10,1.5405405405405406
AA,ILM,11,-0.3684210526315789
AA,ILM,12,2.36231884057971
AA,ILM,13,-1.0
AA,ILM,14,-0.9791666666666666
AA,ILM,16,4.083333333333333
AA,ILM,17,2.5076923076923077
AA,ILM,18,8.325301204819278
AA,ILM,20,0.8382352941176471
AA,IND,5,-0.6766917293233082
AA,IND,6,-0.9671179883945842
AA,IND,7,-0.5391705069124424
AA,IND,8,-0.26517571884984026
AA,IND,9,1.309278350515464
AA,IND,10,2.5641025641025643
AA,IND,11,-1.2033898305084745
AA,IND,12,2.8579545454545454
AA,IND,13,9.0
AA,IND,14,-2.5714285714285716
AA,IND,15,5.516949152542373
AA,IND,16,8.466666666666667
AA,IND,17,2.22972972972973
AA,IND,18,5.118055555555555
AA,IND,19,5.166666666666667
AA,IND,20,10.048192771084338
AA,IND,21,-6.0
AA,JAC,11,1.976
AA,JAC,12,1.7076923076923076
AA,JAC,13,1.6626506024096386
AA,JAC,14,1.2380952380952381
AA,JAC,15,2.051282051282051
AA,JAX,5,-2.764423076923077
AA,JAX,6,-2.0526315789473686
AA,JAX,7,-2.6213991769547325
AA,JAX,8,-3.4074074074074074
AA,JAX,9,-1.208695652173913
AA,JAX,10,-2.1486486486486487
AA,JAX,11,0.2945205479452055
AA,JAX,12,2.106761565836299
AA,JAX,13,4.851851851851852
AA,JAX,14,5.749206349206349
AA,JAX,15,2.893939393939394
AA,JAX,16,7.621052631578947
AA,JAX,17,4.118421052631579
AA,JAX,18,5.288461538461538
AA,JAX,19,7.290076335877862
AA,JAX,20,4.708860759493671
AA,JFK,5,1.3125
AA,JFK,6,-1.6389891696750902
AA,JFK,7,-0.008207934336525308
AA,JFK,8,0.08448928121059268
AA,JFK,9,-0.6601705237515225
AA,JFK,10,-0.8746177370030581
AA,JFK,11,0.09767441860465116
AA,JFK,12,-0.06407322654462243
AA,JFK,13,4.1597796143250685
AA,JFK,14,4.614583333333333
AA,JFK,15,5.070588235294117
AA,JFK,16,2.8285714285714287
AA,JFK,17,4.215172413793104
AA,JFK,18,5.698529411764706
AA,JFK,19,5.527586206896552
AA,JFK,20,6.56231884057971
AA,JFK,21,6.586497890295359
AA,JFK,22,1.2391304347826086
AA,KOA,14,-4.6438356164383565
AA,KOA,15,-4.086956521739131
AA,KOA,16,0.9047619047619048
AA,KOA,17,-3.892857142857143
AA,KOA,21,-4.0
AA,KOA,22,-7.672727272727273
AA,KOA,23,-6.514285714285714
AA,LAS,0,1.1428571428571428
AA,LAS,1,0.8928571428571429
AA,LAS,5,-2.036697247706422
AA,LAS,6,-2.685672514619883
AA,LAS,7,-2.3859275053304905
AA,LAS,8,-2.5938566552901023
AA,LAS,9,-1.4448275862068964
AA,LAS,10,0.3888888888888889
AA,LAS,11,4.048561151079137
AA,LAS,12,4.228187919463087
AA,LAS,13,3.636029411764706
AA,LAS,14,5.940758293838862
AA,LAS,15,5.166666666666667
AA,LAS,16,4.254988913525499
AA,LAS,17,3.536363636363636
AA,LAS,18,6.653225806451613
AA,LAS,19,3.8018018018018016
AA,LAS,20,-4.5
AA,LAS,21,-6.411764705882353
AA,LAS,22,1.746875
AA,LAS,23,1.035031847133758
AA,LAX,0,0.6219512195121951
AA,LAX,1,2.337142857142857
AA,LAX,5,-4.0
AA,LAX,6,-1.7531293463143254
AA,LAX,7,-0.9827734711455641
AA,LAX,8,-1.314153439153439
AA,LAX,9,1.1007042253521127
AA,LAX,10,2.7882523567802755
AA,LAX,11,3.623363544813696
AA,LAX,12,4.31629392971246
AA,LAX,13,3.2119205298013247
AA,LAX,14,3.871331828442438
AA,LAX,15,3.3026315789473686
AA,LAX,16,2.9848275862068965
AA,LAX,17,2.7586726998491704
AA,LAX,18,3.578034682080925
AA,LAX,19,3.734782608695652
AA,LAX,20,6.134615384615385
AA,LAX,21,2.180904522613065
AA,LAX,22,3.2722820763956904
AA,LAX,23,4.838709677419355
AA,LBB,6,-2.3157894736842106
AA,LBB,10,1.423728813559322
AA,LBB,18,3.8266666666666667
AA,LEX,6,0.35294117647058826
AA,LEX,14,8.947368421052632
AA,LGA,5,-2.096330275229358
AA,LGA,6,-2.694682675814751
AA,LGA,7,-3.310710498409332
AA,LGA,8,-3.0665742024965326
AA,LGA,9,-1.3243243243243243
AA,LGA,10,-0.2517193947730399
AA,LGA,11,1.6004672897196262
AA,LGA,12,2.6231884057971016
AA,LGA,13,3.306122448979592
AA,LGA,14,4.700501253132832
AA,LGA,15,3.3951965065502185
AA,LGA,16,2.7054886211512716
AA,LGA,17,4.373481781376518
AA,LGA,18,6.0
AA,LGA,19,4.470982142857143
AA,LGA,20,10.074285714285715
AA,LGA,21,0.7099236641221374
AA,LGA,22,-1.1751824817518248
AA,LIH,12,-0.5892857142857143
AA,LIH,13,1.8
AA,LIH,14,1.0526315789473684
AA,LIH,15,-4.964285714285714
AA,LIH,16,-4.214285714285714
AA,LIH,21,-6.470588235294118
AA,LIH,22,-7.214765100671141
AA,LIH,23,-7.016949152542373
AA,LIT,5,-1.0
AA,LIT,6,-4.0
AA,LIT,7,0.5833333333333334
AA,LIT,10,2.774193548387097
AA,LIT,12,8.48235294117647
AA,LIT,13,0.8055555555555556
AA,LIT,18,9.842857142857143
AA,MCI,5,-3.298538622129436
AA,MCI,6,-2.522727272727273
AA,MCI,7,-1.5696969696969696
AA,MCI,8,-3.0661764705882355
AA,MCI,9,-2.735632183908046
AA,MCI,10,0.9019607843137255
AA,MCI,11,5.2023809523809526
AA,MCI,12,4.340136054421769
AA,MCI,13,1.12015503875969
AA,MCI,14,2.909090909090909
AA,MCI,15,1.736
AA,MCI,16,6.288888888888889
AA,MCI,17,2.9322033898305087
AA,MCI,18,3.2853535353535355
AA,MCI,19,0.5405405405405406
AA,MCI,20,8.421052631578947
AA,MCO,5,-1.7521008403361344
AA,MCO,6,-2.4514824797843664
AA,MCO,7,-2.151085930122757
AA,MCO,8,-2.4832214765100673
AA,MCO,9,-0.9850187265917603
AA,MCO,10,-0.9164133738601824
AA,MCO,11,-0.2954876273653566
AA,MCO,12,1.6535433070866141
AA,MCO,13,3.0678851174934727
AA,MCO,14,5.154285714285714
AA,MCO,15,3.421542553191489
AA,MCO,16,5.765395894428153
AA,MCO,17,5.586206896551724
AA,MCO,18,4.3768115942028984
AA,MCO,19,4.161111111111111
AA,MCO,20,3.167832167832168
AA,MCO,21,2.375
AA,MDT,5,-5.090909090909091
AA,MDT,6,-1.3051948051948052
AA,MDT,7,-0.36885245901639346
AA,MDT,8,-2.769230769230769
AA,MDT,9,2.5294117647058822
AA,MDT,11,-4.0
AA,MDT,12,6.25
AA,MDT,13,-3.642857142857143
AA,MDT,17,3.48
AA,MDT,18,-4.142857142857143
AA,MEM,5,-1.75
AA,MEM,6,-2.7218045112781954
AA,MEM,7,0.7595744680851064
AA,MEM,8,-2.576923076923077
AA,MEM,9,0.7619047619047619
AA,MEM,10,1.8076923076923077
AA,MEM,11,4.916666666666667
AA,MEM,12,4.792792792792793
AA,MEM,13,2.240740740740741
AA,MEM,14,7.456140350877193
AA,MEM,15,8.706896551724139
AA,MEM,16,3.480874316939891
AA,MEM,17,6.703703703703703
AA,MEM,18,9.795918367346939
AA,MEM,19,4.2592592592592595
AA,MEM,20,5.777777777777778
AA,MFE,6,-2.836734693877551
AA,MFE,7,-1.4606741573033708
AA,MFE,8,-0.5833333333333334
AA,MFE,9,-2.121212121212121
AA,MFE,10,-0.8421052631578947
AA,MFE,11,-0.28735632183908044
AA,MFE,12,-0.35714285714285715
AA,MFE,13,1.565217391304348
AA,MFE,14,4.388888888888889
AA,MFE,15,4.833333333333333
AA,MFE,16,8.568627450980392
AA,MFE,17,5.073170731707317
AA,MFE,18,4.428571428571429
AA,MFE,19,2.457627118644068
AA,MHT,5,-3.7333333333333334
AA,MHT,6,-3.5384615384615383
AA,MHT,17,7.555555555555555
AA,MIA,5,-0.16161616161616163
AA,MIA,6,-0.9707903780068728
AA,MIA,7,0.16104868913857678
AA,MIA,8,0.39576328177538667
AA,MIA,9,3.0429497568881687
AA,MIA,10,4.248663101604278
AA,MIA,11,3.0341176470588236
AA,MIA,12,4.6455696202531644
AA,MIA,13,5.4716129032258065
AA,MIA,14,7.741239892183288
AA,MIA,15,5.679464805119255
AA,MIA,16,6.361777777777778
AA,MIA,17,7.159555815312682
AA,MIA,18,6.973143759873618
AA,MIA,19,8.087507926442612
AA,MIA,20,8.075480769230769
AA,MIA,21,9.396532055669633
AA,MIA,22,8.212572373862697
AA,MIA,23,6.3
AA,MKE,5,-2.9375
AA,MKE,6,-1.836
AA,MKE,7,-2.2758620689655173
AA,MKE,8,-2.590909090909091
AA,MKE,10,-1.8863636363636365
AA,MKE,11,-1.45
AA,MKE,12,-2.3636363636363638
AA,MKE,13,4.994708994708994
AA,MKE,14,0.056
AA,MKE,17,8.886075949367088
AA,MKE,18,4.546666666666667
AA,MKE,19,-0.5
AA,MRY,6,-2.161290322580645
AA,MRY,12,31.0
AA,MRY,13,11.4
AA,MRY,14,-1.5
AA,MSN,6,2.4215686274509802
AA,MSN,7,-0.007067137809187279
AA,MSN,10,-4.0
AA,MSN,12,7.875
AA,MSN,13,4.7073170731707314
AA,MSN,14,34.0
AA,MSN,15,-4.30188679245283
AA,MSN,16,1.5
AA,MSN,17,9.696132596685082
AA,MSN,18,-12.0
AA,MSO,7,-1.7
AA,MSO,13,0.4818181818181818
AA,MSP,5,-3.3854748603351954
AA,MSP,6,-2.4949664429530203
AA,MSP,7,-2.4585987261146496
AA,MSP,8,-2.1584158415841586
AA,MSP,9,-3.3333333333333335
AA,MSP,10,-1.1
AA,MSP,11,4.75
AA,MSP,12,6.0
AA,MSP,13,4.195121951219512
AA,MSP,14,5.469194312796208
AA,MSP,15,4.28125
AA,MSP,16,6.197183098591549
AA,MSP,17,5.255
AA,MSP,18,11.238636363636363
AA,MSY,5,-1.86096256684492
AA,MSY,6,-1.83008356545961
AA,MSY,7,-1.1718213058419245
AA,MSY,8,-0.1358695652173913
AA,MSY,9,1.946969696969697
AA,MSY,10,1.49609375
AA,MSY,11,2.1510204081632653
AA,MSY,12,2.5050847457627117
AA,MSY,13,2.0306748466257667
AA,MSY,14,2.7755102040816326
AA,MSY,15,3.6666666666666665
AA,MSY,16,2.7658959537572256
AA,MSY,17,5.909836065573771
AA,MSY,18,5.616541353383458
AA,MSY,19,5.351648351648351
AA,MTJ,10,1.7692307692307692
AA,MTJ,11,19.75
AA,MTJ,12,-0.029411764705882353
AA,MTJ,13,7.75
AA,MTJ,14,-0.21052631578947367
AA,MTJ,15,1.0
AA,MYR,5,-5.9787234042553195
AA,MYR,7,-3.4237288135593222
AA,MYR,8,-5.583333333333333
AA,MYR,9,-4.625
AA,MYR,11,-3.3461538461538463
AA,MYR,12,-3.0
AA,MYR,13,-2.3333333333333335
AA,MYR,14,0.8
AA,MYR,16,4.158730158730159
AA,MYR,17,19.5
AA,MYR,18,3.5714285714285716
AA,MYR,19,-1.7173913043478262
AA,MYR,20,3.6875
AA,OGG,0,-4.555555555555555
AA,OGG,12,4.25
AA,OGG,13,0.3048780487804878
AA,OGG,14,-4.785714285714286
AA,OGG,15,0.54
AA,OGG,16,1.7058823529411764
AA,OGG,17,1.5238095238095237
AA,OGG,18,-0.9875
AA,OGG,19,-2.41
AA,OGG,20,-2.0428571428571427
AA,OGG,21,-4.32
AA,OGG,22,-3.2557077625570776
AA,OGG,23,-5.7407407407407405
AA,OKC,5,-2.0930232558139537
AA,OKC,6,-2.032448377581121
AA,OKC,7,-1.1914893617021276
AA,OKC,8,-1.0291970802919708
AA,OKC,9,-4.5
AA,OKC,10,-0.5228426395939086
AA,OKC,12,1.64
AA,OKC,13,6.967741935483871
AA,OKC,14,0.7372881355932204
AA,OKC,15,-1.6071428571428572
AA,OKC,16,4.322916666666667
AA,OKC,18,1.7093023255813953
AA,OKC,20,0.32142857142857145
AA,OMA,5,-2.5297297297297296
AA,OMA,6,-3.0846153846153848
AA,OMA,7,-3.8834355828220857
AA,OMA,8,-3.473684210526316
AA,OMA,10,14.666666666666666
AA,OMA,11,-1.5238095238095237
AA,OMA,12,-8.0
AA,OMA,13,4.823834196891192
AA,OMA,14,-0.030927835051546393
AA,OMA,15,3.7022900763358777
AA,OMA,17,2.3333333333333335
AA,OMA,18,3.625
AA,OMA,19,3.3529411764705883
AA,OMA,21,56.0
AA,ONT,0,-2.933333333333333
AA,ONT,6,-2.6900269541778976
AA,ONT,7,-4.407407407407407
AA,ONT,8,-1.1324503311258278
AA,ONT,9,-3.227272727272727
AA,ONT,10,3.017699115044248
AA,ONT,11,5.543478260869565
AA,ONT,12,1.811387900355872
AA,ONT,13,-2.5
AA,ONT,14,4.768041237113402
AA,ONT,16,-2.5
AA,ONT,17,-0.4642857142857143
AA,ONT,22,5.280701754385965
AA,ONT,23,-1.525
AA,ORD,5,-0.37066246056782337
AA,ORD,6,-1.8492159227985525
AA,ORD,7,-0.5173564753004005
AA,ORD,8,1.6675454785130503
AA,ORD,9,2.442622950819672
AA,ORD,10,2.5717026378896883
AA,ORD,11,1.636262513904338
AA,ORD,12,3.136858475894246
AA,ORD,13,2.5197396963123646
AA,ORD,14,6.028606965174129
AA,ORD,15,5.334152334152334
AA,ORD,16,4.939842209072978
AA,ORD,17,6.538755250095456
AA,ORD,18,6.2624237140366175
AA,ORD,19,6.909538461538461
AA,ORD,20,7.075891146032963
AA,ORD,21,3.55956678700361
AA,ORD,22,10.23076923076923
AA,ORD,23,-1.3
AA,ORF,5,-4.944444444444445
AA,ORF,6,-3.4465408805031448
AA,ORF,7,-2.015151515151515
AA,ORF,8,-5.7272727272727275
AA,ORF,9,-4.068181818181818
AA,ORF,10,-1.3513513513513513
AA,ORF,11,-0.9466666666666667
AA,ORF,13,1.7272727272727273
AA,ORF,14,9.476190476190476
AA,ORF,15,-0.35135135135135137
AA,ORF,16,5.786407766990291
AA,ORF,17,3.5268817204301075
AA,ORF,18,4.432
AA,ORF,19,4.333333333333333
AA,ORF,20,0.1590909090909091
AA,PBI,6,-1.8018433179723503
AA,PBI,7,-2.1419939577039275
AA,PBI,8,-2.506849315068493
AA,PBI,9,-2.832
AA,PBI,10,-2.6713286713286712
AA,PBI,11,5.470588235294118
AA,PBI,12,4.766839378238342
AA,PBI,13,5.570247933884297
AA,PBI,14,5.567164179104478
AA,PBI,15,8.114173228346457
AA,PBI,16,12.493506493506494
AA,PBI,17,10.36697247706422
AA,PBI,18,-0.11363636363636363
AA,PBI,19,5.938356164383562
AA,PDX,5,-3.0826771653543306
AA,PDX,6,-2.0163934426229506
AA,PDX,7,-0.15671641791044777
AA,PDX,8,-1.8333333333333333
AA,PDX,11,6.37
AA,PDX,12,6.375
AA,PDX,13,8.150684931506849
AA,PDX,14,4.034722222222222
AA,PDX,15,2.074074074074074
AA,PDX,21,0.4583333333333333
AA,PDX,22,-0.1724137931034483
AA,PDX,23,0.935064935064935
AA,PHL,5,-2.670487106017192
AA,PHL,6,-3.544776119402985
AA,PHL,7,-3.5801011804384486
AA,PHL,8,-2.420843520782396
AA,PHL,9,-1.6149068322981366
AA,PHL,10,-1.2979435676709707
AA,PHL,11,-0.49625468164794007
AA,PHL,12,1.0646651270207852
AA,PHL,13,1.2378205128205129
AA,PHL,14,0.708029197080292
AA,PHL,15,1.8677685950413223
AA,PHL,16,1.5219885277246654
AA,PHL,17,3.993951612903226
AA,PHL,18,1.7399209486166007
AA,PHL,19,1.0743427017225748
AA,PHL,20,3.9483667017913593
AA,PHL,21,-3.593220338983051
AA,PHX,0,-1.9277777777777778
AA,PHX,1,-0.8148148148148148
AA,PHX,2,0.0
AA,PHX,5,-1.8540925266903914
AA,PHX,6,-2.424793388429752
AA,PHX,7,-2.3142857142857145
AA,PHX,8,0.11409630146545709
AA,PHX,9,1.39684978870534
AA,PHX,10,1.471474358974359
AA,PHX,11,2.096402877697842
AA,PHX,12,1.9554398148148149
AA,PHX,13,2.162674094707521
AA,PHX,14,3.2690875232774674
AA,PHX,15,4.534095908490981
AA,PHX,16,3.564087061668682
AA,PHX,17,2.8380398671096345
AA,PHX,18,3.9547826086956523
AA,PHX,19,2.9237713139418253
AA,PHX,20,3.796583850931677
AA,PHX,21,3.262244897959184
AA,PHX,22,-0.3410714285714286
AA,PHX,23,-0.7460526315789474
AA,PIT,5,-4.330357142857143
AA,PIT,6,-2.335616438356164
AA,PIT,7,-2.276978417266187
AA,PIT,8,-1.5416666666666667
AA,PIT,9,-1.4791666666666667
AA,PIT,10,-2.914285714285714
AA,PIT,11,2.142857142857143
AA,PIT,12,0.9333333333333333
AA,PIT,13,4.566037735849057
AA,PIT,14,2.5161290322580645
AA,PIT,15,3.433333333333333
AA,PIT,16,8.363636363636363
AA,PIT,17,3.19375
AA,PIT,18,-2.660377358490566
AA,PIT,19,2.28
AA,PIT,20,2.7452830188679247
AA,PNS,6,-2.6666666666666665
AA,PNS,7,-2.1476510067114094
AA,PNS,10,8.71111111111111
AA,PNS,11,3.6952380952380954
AA,PNS,12,7.451612903225806
AA,PNS,13,0.8571428571428571
AA,PNS,14,0.4166666666666667
AA,PNS,15,1.8571428571428572
AA,PNS,16,10.658823529411764
AA,PNS,17,1.6875
AA,PNS,18,11.714285714285714
AA,PNS,19,7.5
AA,PSP,5,-2.522727272727273
AA,PSP,6,-0.48484848484848486
AA,PSP,9,-2.5428571428571427
AA,PSP,10,4.809523809523809
AA,PSP,11,1.6285714285714286
AA,PSP,12,2.8
AA,PSP,13,5.576271186440678
AA,PSP,14,3.827338129496403
AA,PSP,15,6.5
AA,PSP,16,0.03773584905660377
AA,PSP,17,-1.25
AA,PVD,5,-4.021052631578947
AA,PVD,6,-4.076388888888889
AA,PVD,7,-4.611111111111111
AA,PVD,9,-4.714285714285714
AA,PVD,10,-6.428571428571429
AA,PVD,11,-1.2727272727272727
AA,PVD,12,-1.0757575757575757
AA,PVD,14,3.2857142857142856
AA,PVD,15,4.571428571428571
AA,PVD,16,1.028301886792453
AA,PVD,17,4.117021276595745
AA,PVD,18,14.0
AA,PVD,19,-0.6410256410256411
AA,PWM,5,-2.231707317073171
AA,PWM,6,-0.12745098039215685
AA,PWM,7,-2.6
AA,PWM,10,-1.0
AA,PWM,12,4.384615384615385
AA,PWM,13,0.9047619047619048
AA,PWM,14,-0.2571428571428571
AA,PWM,16,6.717391304347826
AA,PWM,17,3.4322033898305087
AA,PWM,18,17.157894736842106
AA,RAP,12,-6.0
AA,RAP,13,18.666666666666668
AA,RAP,14,4.85
AA,RAP,16,-1.5
AA,RDU,5,-2.5
AA,RDU,6,-3.13681592039801
AA,RDU,7,-1.1634304207119741
AA,RDU,8,-1.1094276094276094
AA,RDU,9,1.105
AA,RDU,10,-3.530054644808743
AA,RDU,11,-0.36324786324786323
AA,RDU,12,3.0
AA,RDU,13,6.02906976744186
AA,RDU,14,2.060702875399361
AA,RDU,15,3.6285714285714286
AA,RDU,16,4.144171779141105
AA,RDU,17,2.804953560371517
AA,RDU,18,6.103448275862069
AA,RDU,19,4.022284122562674
AA,RDU,20,0.33544303797468356
AA,RDU,21,10.65
AA,RDU,22,-2.0
AA,RIC,5,-3.207317073170732
AA,RIC,6,-1.6019184652278178
AA,RIC,7,-1.8756756756756756
AA,RIC,8,-2.2058823529411766
AA,RIC,9,-0.9605263157894737
AA,RIC,10,2.492857142857143
AA,RIC,11,-1.1746031746031746
AA,RIC,13,1.6666666666666667
AA,RIC,14,2.9622641509433962
AA,RIC,15,4.735849056603773
AA,RIC,16,5.333333333333333
AA,RIC,17,2.8282828282828283
AA,RIC,18,2.87603305785124
AA,RIC,19,3.3392857142857144
AA,RIC,20,3.1485148514851486
AA,RNO,5,-5.169811320754717
AA,RNO,6,-2.897727272727273
AA,RNO,7,-3.0384615384615383
AA,RNO,9,-6.0
AA,RNO,10,-4.333333333333333
AA,RNO,11,4.612903225806452
AA,RNO,12,1.63681592039801
AA,RNO,13,-0.6521739130434783
AA,RNO,14,3.5256410256410255
AA,RNO,16,1.8529411764705883
AA,RNO,19,-4.484848484848484
AA,RNO,23,0.7777777777777778
AA,ROC,5,-2.076923076923077
AA,ROC,6,-3.4779411764705883
AA,ROC,7,-1.5789473684210527
AA,ROC,11,2.5161290322580645
AA,ROC,12,-2.5625
AA,ROC,14,-2.5
AA,ROC,18,16.0
AA,ROC,19,-1.3703703703703705
AA,RSW,5,3.411764705882353
AA,RSW,6,-3.6142857142857143
AA,RSW,7,-2.791277258566978
AA,RSW,8,-3.956140350877193
AA,RSW,9,-0.6611570247933884
AA,RSW,10,0.07
AA,RSW,11,0.0622568093385214
AA,RSW,12,1.8193979933110367
AA,RSW,13,3.862876254180602
AA,RSW,14,4.14873417721519
AA,RSW,15,4.829694323144105
AA,RSW,16,-0.47540983606557374
AA,RSW,17,4.216216216216216
AA,RSW,18,-0.9014084507042254
AA,RSW,19,5.090909090909091
AA,SAN,6,-2.661556603773585
AA,SAN,7,-2.0891304347826085
AA,SAN,8,-1.5919282511210762
AA,SAN,9,-0.21727019498607242
AA,SAN,10,3.4782608695652173
AA,SAN,11,3.855855855855856
AA,SAN,12,3.725571725571726
AA,SAN,13,1.4763779527559056
AA,SAN,14,4.255663430420712
AA,SAN,15,-2.875
AA,SAN,16,2.3992395437262357
AA,SAN,17,-5.714285714285714
AA,SAN,18,2.3181818181818183
AA,SAN,19,-3.84375
AA,SAN,21,18.25
AA,SAN,22,-0.9523809523809523
AA,SAN,23,-5.090909090909091
AA,SAT,5,-5.5025906735751295
AA,SAT,6,-3.8649093904448106
AA,SAT,7,-4.684813753581662
AA,SAT,8,-3.980561555075594
AA,SAT,9,-1.6168224299065421
AA,SAT,10,0.14423076923076922
AA,SAT,11,0.8461538461538461
AA,SAT,12,2.1863117870722433
AA,SAT,13,3.297029702970297
AA,SAT,14,0.5862068965517241
AA,SAT,15,-1.3267326732673268
AA,SAT,16,6.791208791208791
AA,SAT,17,0.959349593495935
AA,SAT,18,-0.18789808917197454
AA,SAT,19,7.928571428571429
AA,SAT,20,-0.3448275862068966
AA,SAV,5,-2.125
AA,SAV,6,-3.4358974358974357
AA,SAV,7,-3.4224598930481283
AA,SAV,8,-4.023809523809524
AA,SAV,9,12.0
AA,SAV,10,-3.5294117647058822
AA,SAV,11,-1.180327868852459
AA,SAV,12,1.0547945205479452
AA,SAV,14,-0.6666666666666666
AA,SAV,15,5.328125
AA,SAV,16,3.642105263157895
AA,SAV,17,3.268292682926829
AA,SAV,18,3.6103896103896105
AA,SAV,19,5.769230769230769
AA,SAV,20,1.9264705882352942
AA,SBA,5,-2.9285714285714284
AA,SBA,6,-3.075268817204301
AA,SBA,9,-6.545454545454546
AA,SBA,10,-3.95
AA,SBA,12,5.462025316455696
AA,SBA,13,10.04225352112676
AA,SBA,14,5.964285714285714
AA,SBA,16,-9.0
AA,SBA,19,-5.866666666666666
AA,SBP,6,2.630952380952381
AA,SBP,12,7.942857142857143
AA,SBP,13,6.6
AA,SDF,5,-0.3333333333333333
AA,SDF,6,-0.006097560975609756
AA,SDF,7,0.0
AA,SDF,8,-1.625
AA,SDF,9,-3.0
AA,SDF,10,-2.0
AA,SDF,11,-4.642857142857143
AA,SDF,12,-1.875
AA,SDF,13,1.3333333333333333
AA,SDF,14,1.3620689655172413
AA,SDF,15,2.45
AA,SDF,16,4.709677419354839
AA,SDF,17,-1.0714285714285714
AA,SDF,18,3.267605633802817
AA,SDF,19,-0.29545454545454547
AA,SDF,20,13.333333333333334
AA,SEA,0,2.36231884057971
AA,SEA,1,7.6
AA,SEA,5,-3.105515587529976
AA,SEA,6,-0.6486486486486487
AA,SEA,7,-0.5125
AA,SEA,8,-0.6862745098039216
AA,SEA,9,0.35106382978723405
AA,SEA,11,7.212669683257919
AA,SEA,12,1.94
AA,SEA,13,6.929936305732484
AA,SEA,14,3.5804597701149423
AA,SEA,15,3.1341463414634148
AA,SEA,18,7.166666666666667
AA,SEA,20,30.0
AA,SEA,21,5.733333333333333
AA,SEA,22,4.983957219251337
AA,SEA,23,6.181434599156118
AA,SFO,0,0.15384615384615385
AA,SFO,5,-2.9185185185185185
AA,SFO,6,-3.1940928270042193
AA,SFO,7,-1.3793103448275863
AA,SFO,8,-2.897025171624714
AA,SFO,9,-2.7815533980582523
AA,SFO,10,-0.0058823529411764705
AA,SFO,11,0.5544217687074829
AA,SFO,12,3.4847908745247147
AA,SFO,13,4.650793650793651
AA,SFO,14,0.40869565217391307
AA,SFO,15,2.7464788732394365
AA,SFO,16,5.036585365853658
AA,SFO,17,0.7846153846153846
AA,SFO,18,3.8444444444444446
AA,SFO,19,-5.5
AA,SFO,21,3.5277777777777777
AA,SFO,22,4.28125
AA,SFO,23,3.627408993576017
AA,SJC,6,-3.9107142857142856
AA,SJC,8,-5.7727272727272725
AA,SJC,9,-4.633928571428571
AA,SJC,10,-6.588235294117647
AA,SJC,11,6.115384615384615
AA,SJC,12,2.0332103321033212
AA,SJC,13,2.391891891891892
AA,SJC,14,5.357142857142857
AA,SJC,16,-1.492063492063492
AA,SJC,22,8.714285714285714
AA,SJU,0,-3.6666666666666665
AA,SJU,5,-4.854368932038835
AA,SJU,6,-3.536964980544747
AA,SJU,7,-4.347682119205298
AA,SJU,8,-2.767605633802817
AA,SJU,9,-2.4881889763779528
AA,SJU,10,-1.8051948051948052
AA,SJU,11,3.03125
AA,SJU,12,0.7183098591549296
AA,SJU,13,4.68
AA,SJU,14,2.3505747126436782
AA,SJU,15,4.927536231884058
AA,SJU,16,2.3125
AA,SJU,17,-0.26666666666666666
AA,SJU,18,5.775
AA,SJU,19,8.131578947368421
AA,SJU,20,0.3333333333333333
AA,SLC,5,-0.7422680412371134
AA,SLC,6,-1.9380530973451326
AA,SLC,7,-1.2261306532663316
AA,SLC,8,-2.346774193548387
AA,SLC,9,-1.21875
AA,SLC,11,3.894273127753304
AA,SLC,12,4.5198237885462555
AA,SLC,13,8.006578947368421
AA,SLC,14,8.731182795698924
AA,SLC,15,4.414893617021277
AA,SLC,16,7.728155339805825
AA,SLC,17,5.141025641025641
AA,SLC,18,3.5064935064935066
AA,SLC,22,37.0
AA,SLC,23,0.6111111111111112
AA,SMF,5,-6.5
AA,SMF,6,-2.5
AA,SMF,7,0.35135135135135137
AA,SMF,8,-1.9736842105263157
AA,SMF,10,0.046511627906976744
AA,SMF,11,4.862745098039215
AA,SMF,12,5.542016806722689
AA,SMF,13,5.61
AA,SMF,14,9.443609022556391
AA,SMF,16,1.6569343065693432
AA,SMF,19,-1.96875
AA,SMF,22,4.385185185185185
AA,SMF,23,-2.5344827586206895
AA,SNA,6,-1.4986225895316805
AA,SNA,7,-1.2634560906515582
AA,SNA,8,-0.7104377104377104
AA,SNA,9,-2.4083769633507854
AA,SNA,10,2.714765100671141
AA,SNA,11,4.388663967611336
AA,SNA,12,6.843267108167771
AA,SNA,13,5.477142857142857
AA,SNA,14,4.75
AA,SNA,15,2.1052631578947367
AA,SNA,16,2.6174334140435835
AA,SNA,17,8.0
AA,SNA,18,0.4057971014492754
AA,SNA,19,-2.91044776119403
AA,SNA,21,-4.183673469387755
AA,SRQ,6,-3.3484848484848486
AA,SRQ,7,-9.0
AA,SRQ,8,-2.8768115942028984
AA,SRQ,10,-4.294117647058823
AA,SRQ,11,-0.0625
AA,SRQ,12,5.619047619047619
AA,SRQ,13,2.804195804195804
AA,SRQ,14,2.2477064220183487
AA,SRQ,15,0.0
AA,SRQ,16,4.732283464566929
AA,SRQ,17,2.5353535353535355
AA,SRQ,18,-3.15
AA,SRQ,19,-1.8888888888888888
AA,STL,5,-4.335548172757475
AA,STL,6,-4.168949771689498
AA,STL,7,-3.8676277850589775
AA,STL,8,-4.818181818181818
AA,STL,9,-2.3878787878787877
AA,STL,10,-1.0869565217391304
AA,STL,11,2.7773972602739727
AA,STL,12,0.2
AA,STL,13,1.9867549668874172
AA,STL,14,1.201793721973094
AA,STL,15,2.597560975609756
AA,STL,16,4.030612244897959
AA,STL,17,4.813953488372093
AA,STL,18,4.314553990610329
AA,STL,19,3.320855614973262
AA,STT,12,-5.881578947368421
AA,STT,13,-2.102766798418972
AA,STT,14,-0.6779661016949152
AA,STT,15,-1.6919642857142858
AA,STT,16,-2.3820754716981134
AA,STT,17,-8.639097744360901
AA,STT,18,-9.26865671641791
AA,STX,7,-7.024793388429752
AA,STX,8,-8.88888888888889
AA,STX,9,-12.777777777777779
AA,STX,13,-1.6666666666666667
AA,STX,14,0.6666666666666666
AA,STX,15,-2.3146067415730336
AA,STX,16,-7.666666666666667
AA,STX,17,-1.3611111111111112
AA,STX,18,-13.32
AA,SYR,5,0.4375
AA,SYR,6,-1.0683453237410072
AA,SYR,7,-1.9666666666666666
AA,SYR,11,3.5337837837837838
AA,SYR,12,6.5
AA,SYR,14,0.0
AA,SYR,16,34.0
AA,SYR,17,-1.135135135135135
AA,SYR,18,3.6666666666666665
AA,SYR,19,3.793103448275862
AA,TPA,5,-2.952
AA,TPA,6,-3.1980769230769233
AA,TPA,7,-1.7235543018335684
AA,TPA,8,-2.551523947750363
AA,TPA,9,-2.439775910364146
AA,TPA,10,0.473491773308958
AA,TPA,11,0.8871331828442438
AA,TPA,12,2.6493506493506493
AA,TPA,13,3.3294930875576036
AA,TPA,14,3.701492537313433
AA,TPA,15,3.1225225225225226
AA,TPA,16,5.7894736842105265
AA,TPA,17,7.0
AA,TPA,18,6.285714285714286
AA,TPA,19,6.186046511627907
AA,TPA,20,-2.0651340996168583
AA,TPA,21,-6.0
AA,TUL,5,-4.818181818181818
AA,TUL,6,-3.2140221402214024
AA,TUL,7,-4.300970873786408
AA,TUL,8,-0.7685589519650655
AA,TUL,9,-5.0
AA,TUL,10,-0.5212765957446809
AA,TUL,12,-0.27450980392156865
AA,TUL,13,-2.3043478260869565
AA,TUL,14,4.203883495145631
AA,TUL,16,0.673469387755102
AA,TUL,17,6.0
AA,TUL,18,1.4545454545454546
AA,TUL,19,3.0588235294117645
AA,TUS,5,-1.5158730158730158
AA,TUS,6,-3.044
AA,TUS,7,-1.1929824561403508
AA,TUS,8,-2.8444444444444446
AA,TUS,9,1.9148936170212767
AA,TUS,10,0.8652482269503546
AA,TUS,11,2.9590443686006824
AA,TUS,12,4.0055555555555555
AA,TUS,13,2.224066390041494
AA,TUS,14,4.098765432098766
AA,TUS,15,1.806201550387597
AA,TUS,16,3.7012987012987013
AA,TUS,17,-3.5
AA,TUS,18,-1.2424242424242424
AA,TUS,19,-1.0930232558139534
AA,TUS,20,4.3125
AA,TYS,5,-12.0
AA,TYS,6,-3.471264367816092
AA,TYS,7,-0.3333333333333333
AA,TYS,8,-3.0
AA,TYS,9,-4.72972972972973
AA,TYS,12,-0.05555555555555555
AA,TYS,13,12.18918918918919
AA,TYS,14,1.9431818181818181
AA,TYS,15,9.0
AA,TYS,16,11.083333333333334
AA,TYS,17,-0.6923076923076923
AA,TYS,18,-1.588235294117647
AA,TYS,20,12.258064516129032
AA,VPS,7,-1.784037558685446
AA,VPS,8,-2.1789473684210527
AA,VPS,9,-2.9
AA,VPS,10,-0.10071942446043165
AA,VPS,11,2.75
AA,VPS,12,3.5779816513761467
AA,VPS,13,2.56
AA,VPS,14,4.304
AA,VPS,15,7.402985074626866
AA,VPS,16,9.0
AA,VPS,17,25.0
AA,VPS,18,-0.34285714285714286
AA,VPS,19,-0.2
AA,XNA,6,-0.6153846153846154
AA,XNA,7,-3.0
AA,XNA,11,-2.9183673469387754
AA,XNA,12,4.314285714285714
AA,XNA,13,0.2711864406779661
AA,XNA,14,-0.23529411764705882
AA,XNA,16,10.5
AA,XNA,18,2.806451612903226
